prompt,response
What is Kunal Chopra's highest educational qualification?,"Bachelor of Science in Computer Science from Oregon State University, with a CGPA of 3.99."
What programming languages is Kunal Chopra skilled in?,"Python, SQL, C, C++, HTML/CSS, JavaScript"
 Does Kunal Chopra have experience with databases?,"Yes, Kunal is experienced with MySQL and MongoDB."
Is Kunal Chopra a US citizen?,"Yes, Kunal Chopra is a US citizen."
What machine learning and deep learning frameworks is Kunal experienced with?,"Kunal has experience with TensorFlow, PyTorch, Keras, langchain, scikit-learn, and Hugging Face."
Is Kunal familiar with any computer vision or web development framework,"Yes, Kunal is familiar with OpenCV for computer vision and Flask, React, FastApi, and Node.js for web development."
What tools does Kunal use for data analysis and visualization?," Kunal uses pandas and NumPy for data analysis, and Matplotlib and seaborn for data visualization."
 What is Kunal's strategy for data preprocessing and analysis in machine learning projects?,Kunal uses pandas and NumPy for data preprocessing and leverages Matplotlib and seaborn for insightful data visualizations to guide the machine learning process.
What foundational machine learning skills does Kunal possess that make him a strong candidate for an ML Intern position?,"Kunal has a solid understanding of machine learning principles and hands-on experience with TensorFlow, PyTorch, and scikit-learn, making him well-suited for an ML Intern role."
How does Kunal's experience with frameworks like TensorFlow and PyTorch qualify him for an ML Engineer role?, Kunal's proficiency in developing and implementing machine learning models using TensorFlow and PyTorch demonstrates his capability to tackle complex ML engineering challenges.
"What data analysis and visualization tools does Kunal use to derive insights from data, qualifying him for a Data Scientist position?","Kunal is skilled in using pandas, NumPy for data analysis, and Matplotlib, seaborn for visualizations, essential for uncovering insights and driving decisions in a Data Scientist role."
"What programming languages and web development technologies does Kunal excel in, making him fit for a Software Engineer position?"," Kunal's proficiency in Python, C++, HTML/CSS, JavaScript, along with experience in Flask, React, and Node.js, positions him as a versatile candidate for Software Engineering roles."
 How does Kunal stay current with the latest ML technologies and practices?,"Kunal continuously explores new ML libraries and tools, engages with the ML community, and applies cutting-edge practices in projects, ensuring he stays at the forefront of ML advancements."
What was the main focus of Kunal Chopra's REU project?,"The main focus was on assessing how different forms of human feedback impact the safety and efficiency of reinforcement learning models, particularly in addressing data imbalances."
Why was addressing imbalanced training data important in Kunal's REU project?,"Imbalanced training data can significantly affect the accuracy of machine learning models, leading to biased or inaccurate predictions, which the project aimed to mitigate through the integration of human feedback."
How did Kunal's project utilize entropy in analyzing reinforcement learning models?,"The project used entropy as a key metric to measure data imbalance, exploring how varying levels of entropy in training data affect the performance and prediction accuracy of reinforcement learning models."
What types of datasets were analyzed in the REU project?,"The project analyzed datasets generated from grid-world environments and human feedback data from the Atari game ""Freeway"", examining the entropy and prediction accuracy in each."
 Can you describe the experimental setup for Kunal's entropy analysis in the REU project?,"The analysis involved generating datasets with different levels of entropy using Python scripts, then assessing the impact of these entropy levels on the prediction accuracy of reinforcement learning models."
What were some key findings from the comparative analysis in Kunal's REU project?,"The project found that higher entropy levels generally correlated with more accurate predictions, highlighting the value of exploration in reinforcement learning. However, even low entropy approaches could achieve high accuracy, indicating a complex relationship between entropy and model performance."
How does Kunal Chopra's REU project contribute to the field of reinforcement learning?," By exploring the role of human feedback in addressing data imbalances, the project contributes valuable insights into improving the safety and efficiency of reinforcement learning models, laying groundwork for future research."
What future strategies did Kunal's REU project suggest for reinforcement learning models?,"The project suggests further exploration into the dynamics between training data quality and prediction accuracy, particularly through the lens of entropy, to develop strategies for optimal reinforcement learning outcomes."
What technical skills did Kunal demonstrate through his REU project work?,"Kunal demonstrated proficiency in Python for data analysis and scripting, entropy calculation, and the use of random forest classifiers, along with a deep understanding of reinforcement learning concepts."
 How did Kunal Chopra collaborate with others during his REU project?,"Kunal worked closely with his mentor Yashwanthi Anand and principal investigator Sandhya Saisubramanian, contributing to dataset generation, analysis, and the drafting of the research report."
What advanced machine learning techniques did Kunal Chopra employ in his REU project to analyze human feedback?,"Kunal utilized entropy analysis and random forest classifiers to understand the impact of human feedback on reinforcement learning models, focusing on the predictive accuracy in the presence of imbalanced datasets."
How did human feedback influence the reinforcement learning models in Kunal's study?,"Human feedback, especially from the ""Freeway"" Atari game, provided nuanced insights into decision-making processes, showing that different types of feedback can significantly affect model learning and performance."
How did Kunal Chopra ensure the reliability of the datasets used in his project?,"Kunal employed a scripted approach to generate structured datasets, ensuring consistency and reliability. For the ""Freeway"" game data, he meticulously processed and structured the human feedback data for analysis."
What insights did the comparative analysis of grid sizes and feedback types reveal in Kunal's project?,"The analysis highlighted that larger grid sizes and specific feedback types could lead to higher prediction accuracy, emphasizing the need for tailored reinforcement learning strategies based on the complexity of the dataset."
What are the practical implications of Kunal Chopra's findings for real-world reinforcement learning applications?," Kunal's findings suggest that incorporating diverse and balanced human feedback can enhance the robustness and accuracy of reinforcement learning models in real-world applications, such as autonomous driving and game AI."
"What challenges did Kunal Chopra face during his REU project, and how did he overcome them?",unal faced challenges in dealing with highly imbalanced datasets. He overcame these by implementing sophisticated data analysis techniques to balance the datasets effectively and improve model performance.
 In what ways does Kunal Chopra's REU project contribute to enhancing safety in reinforcement learning?,"The project contributes to safety by demonstrating how human feedback can be leveraged to correct and guide reinforcement learning models, reducing the risk of unsafe or undesirable actions by AI systems."
"Based on Kunal Chopra's REU project, what future research directions does he suggest for exploring human feedback in RL?","Kunal suggests further exploration into adaptive feedback mechanisms and their integration into RL models, as well as investigating the impact of feedback from various domains to enhance model adaptability and safety."
 How did collaboration and teamwork play a role in the success of Kunal Chopra's REU project?,"Collaboration was key to the project's success, with contributions from mentors, peers, and domain experts enabling comprehensive analysis and insights, enriching the research findings."
What combination of technical and soft skills were essential for Kunal Chopra to successfully complete his REU project?,"Kunal's strong technical skills in data analysis and machine learning were complemented by his soft skills in communication, problem-solving, and teamwork, enabling effective collaboration and research dissemination."
What inspired Kunal Chopra to pursue a career in machine learning and data science?,"Kunal was inspired by the transformative power of machine learning in solving complex, real-world problems. The potential to drive positive change in sectors like healthcare, environmental conservation, and education through data-driven insights sparked his passion for delving into the field."
Can you highlight some of Kunal Chopra's key achievements during his time at Oregon State University?,"At Oregon State University, Kunal maintained a stellar CGPA of 3.99, was consistently on the Honor Roll, and received accolades for his research in reinforcement learning. He was also recognized for his leadership in academic group projects and contributions to the university's ML research community."
How does Kunal Chopra stay proficient with the latest technologies and tools in machine learning?," Kunal dedicates time each week to learning through online platforms like Coursera and edX, stays engaged with the ML community on GitHub, and frequently participates in Kaggle competitions to apply new concepts and tools in practical scenarios."
 What core computer science courses has Kunal Chopra completed?,"Kunal has completed rigorous courses including Data Structures, Computer Architecture & Assembly Language, Software Engineering, Web Development, and Operating Systems, showcasing his solid foundation in computer science."
Clearly state when you are expected to graduate?,I am expected to graduate in the spring of 2025.
Can you tell me about your involvement in extracurricular activities at OSU?," I'm an active member of the badminton club at Oregon State University, which has been a fantastic way for me to stay physically active, meet new people, and develop teamwork and leadership skills outside the classroom."
What other clubs or organizations are you involved with at Oregon State University?,"Besides the badminton club, I'm also involved with the Indian Student Association. It's a vibrant community where we celebrate Indian culture, organize events, and provide a support network for Indian students on campus."
 Why do you think extracurricular activities are important during university?," Extracurricular activities are vital for personal growth, networking, and developing skills that aren't necessarily taught in classrooms. They offer practical experiences in teamwork, leadership, and event management, which are invaluable in any professional career."
How do you balance your academic responsibilities with extracurricular activities?,How do you balance your academic responsibilities with extracurricular activities?
"What are your targeted roles in the tech industry, and what draws you to these positions?","My targeted roles in the tech industry are primarily in Software Engineering (SWE), Machine Learning (ML) internships, and Data Science (DS). I am drawn to Software Engineering for its creative and logical problem-solving aspects, where I can contribute to developing innovative software solutions. In Machine Learning, I am fascinated by the power of algorithms to learn from data and make predictions or decisions, and I'm eager to work on projects that leverage ML for impactful applications. As for Data Science, the ability to extract insights from complex datasets and inform decision-making processes is incredibly appealing to me. I am keen on roles that allow me to apply my analytical skills, programming expertise, and passion for technology to solve real-world problems."